customer_id,full_name,country
1,John Smith,USA
2,Emma Johnson,UK
3,Michael Brown,CANADA
4,Sophia Davis,USA
5,William Garcia,SPAIN
6,Olivia Martinez,MEXICO
7,James Wilson,AUSTRALIA
8,Isabella Anderson,USA
9,Benjamin Taylor,GERMANY
10,Mia Thomas,FRANCE
11,Lucas Martinez,BRAZIL
12,Charlotte Lee,SINGAPORE
13,Henry Kim,SOUTH KOREA
14,Amelia Patel,INDIA
15,Alexander Schmidt,SWITZERLAND
